RunningTime,SumOfRunning,cluster_type
10,0.863,thin
20,1.083,thin
30,1.4240000000000002,thin
40,0.92,thin
50,1.263,thin
60,2148.47,thin
70,1.085,thin
80,1.156,thin
90,1.464,thin
100,1.088,thin
110,1.268,thin
120,1.226,thin
130,2312.468,thin
140,1.3050000000000002,thin
150,1.093,thin
160,1.315,thin
170,1.205,thin
180,1.474,thin
