RunningTime,SumOfRunning,cluster_type
10,0.863,thin
20,1.083,thin
30,1.4240000000000002,thin
40,0.92,thin
50,1.152,fat
60,1.088,fat
70,1.085,thin
80,1.11,fat
90,1.0659999999999998,fat
100,1.088,thin
110,1.048,fat
120,1.213,fat
130,1.2970000000000002,fat
140,1.3050000000000002,thin
150,1.093,thin
160,1.315,thin
170,1.205,thin
180,1.153,fat
190,0.29900000000000004,fat
200,0.0,fat
